customer_id,full_name,email,phone,region_id,segment_id,signup_date,gender,created_at,updated_at
72,Hazem Ali,hazem.ali66@hotmail.com,01265766169,16.0,1,2022-09-25,male,2025-02-13 00:00:00,2026-03-18 05:09:35.055331
438,Salma Shaker,salma.shaker@gmail.com,01571324136,2.0,1,2022-10-03,female,2025-10-25 00:00:00,2026-03-18 05:09:35.059331
391,Fadi Mohamed,fadimohamed@hotmail.com,01150744867,1.0,2,2021-07-12,male,2023-11-09 00:00:00,2026-03-18 05:09:35.058332
210,Reem Fathy,reemfathy@hotmail.com,01166791272,13.0,2,2025-05-16,female,2024-06-29 00:00:00,2026-03-18 05:09:35.056335
98,Fadi Tawfik,faditawfik@yahoo.com,01165541117,11.0,1,2024-06-21,male,2024-08-30 00:00:00,2026-03-18 05:09:35.055331
274,Shahd El-Sayed,shahdelsayed@yahoo.com,01117188130,4.0,1,2022-02-17,female,2024-08-03 00:00:00,2026-03-18 05:09:35.057330
130,Amr Fathy,amr.fathy33@hotmail.com,01057928328,,1,2023-11-13,male,2022-09-14 00:00:00,2026-03-18 05:09:35.055331
2,Hussein Mostafa,hussein.mostafa@gmail.com,01539587039,15.0,1,2020-01-27,male,2021-10-15 00:00:00,2026-03-18 05:09:35.054334
6,Shahd Gaber,shahd.gaber69@yahoo.com,01131931511,15.0,1,2022-06-18,female,2023-08-21 00:00:00,2026-03-18 05:09:35.054334
169,Nada Khalil,nadakhalil@gmail.com,01286206305,7.0,1,2024-07-18,female,2024-10-17 00:00:00,2026-03-18 05:09:35.056335
273,Khaled Khalil,khaled.khalil@gmail.com,01531596235,3.0,1,2021-01-16,male,2023-10-16 00:00:00,2026-03-18 05:09:35.057330
41,Malak Mansour,malakmansour@outlook.com,01173709724,15.0,1,2022-10-09,female,2023-02-09 00:00:00,2026-03-18 05:09:35.054334
435,,mahmoud.gaber18@outlook.com,01597183615,12.0,1,2024-05-06,male,2025-07-05 00:00:00,2026-03-18 05:09:35.059331
445,Adel Khalil,adel.khalil@outlook.com,01541927492,,1,2025-05-02,male,2025-02-01 00:00:00,2026-03-18 05:09:35.059331
124,Ibrahim Mohamed,ibrahim.mohamed58@hotmail.com,01168716573,3.0,1,2022-06-28,male,2025-01-21 00:00:00,2026-03-18 05:09:35.055331
229,Dalia El-Masry,daliaelmasry@gmail.com,01218500100,18.0,1,2024-10-25,female,2022-05-17 00:00:00,2026-03-18 05:09:35.056335
128,Karim Rizk,karim.rizk@outlook.com,01590092958,18.0,2,2025-10-11,male,2022-09-17 00:00:00,2026-03-18 05:09:35.055331
318,Mariam Fathy,mariamfathy@gmail.com,01514809280,18.0,1,2021-01-07,female,2023-06-01 00:00:00,2026-03-18 05:09:35.057330
201,Tarek Abdallah,tarek.abdallah24@outlook.com,01521501669,10.0,1,2020-10-28,male,2020-12-02 00:00:00,2026-03-18 05:09:35.056335
275,Reem Abdel-Rahman,reemabdelrahman@gmail.com,01530614492,2.0,1,2024-10-17,female,2020-12-24 00:00:00,2026-03-18 05:09:35.057330
170,Sara Naguib,saranaguib@yahoo.com,01243292316,1.0,1,2022-08-22,female,2025-01-03 00:00:00,2026-03-18 05:09:35.056335
293,Hossam Mohamed,hossammohamed@hotmail.com,01245050544,10.0,1,2025-10-19,male,2022-09-11 00:00:00,2026-03-18 05:09:35.057330
488,Rania Khalil,rania.khalil84@hotmail.com,01571888947,8.0,1,2022-03-09,female,2025-10-30 00:00:00,2026-03-18 05:09:35.059331
336,Eman Soliman,eman.soliman38@gmail.com,01152991650,17.0,2,2021-01-28,female,2021-11-16 00:00:00,2026-03-18 05:09:35.058332
310,Nada Mostafa,nadamostafa@hotmail.com,01023396125,6.0,1,2023-04-05,female,2024-01-15 00:00:00,2026-03-18 05:09:35.057330
232,Bassem Khalil,bassem.khalil@hotmail.com,01299188862,6.0,2,2023-06-05,male,2022-08-17 00:00:00,2026-03-18 05:09:35.056335
327,Nagla Saleh,naglasaleh@gmail.com,01117122263,2.0,1,2021-10-21,female,2023-03-19 00:00:00,2026-03-18 05:09:35.058332
404,Hossam Tawfik,hossam.tawfik70@hotmail.com,01535471281,6.0,1,2023-08-18,male,2025-04-02 00:00:00,2026-03-18 05:09:35.058332
13,Mahmoud El-Din,mahmoudeldin@gmail.com,01081498611,5.0,1,2025-04-30,male,2021-11-07 00:00:00,2026-03-18 05:09:35.054334
207,Amr El-Masry,amrelmasry@outlook.com,01267796330,5.0,1,2022-04-02,male,2025-05-16 00:00:00,2026-03-18 05:09:35.056335
436,Aya Ahmed,aya.ahmed@gmail.com,01265437830,8.0,1,2022-04-10,female,2022-04-17 00:00:00,2026-03-18 05:09:35.059331
453,Samy Abdel-Rahman,samyabdelrahman@gmail.com,01210822924,4.0,1,2023-10-30,male,2024-06-10 00:00:00,2026-03-18 05:09:35.059331
245,Rania Soliman,raniasoliman@gmail.com,01217440911,16.0,1,2021-11-14,female,2024-02-15 00:00:00,2026-03-18 05:09:35.057330
257,Youssef Mansour,youssef.mansour@yahoo.com,01039835008,5.0,1,2024-06-28,male,2024-03-04 00:00:00,2026-03-18 05:09:35.057330
35,Sara Gaber,sara.gaber@hotmail.com,01278064830,10.0,1,2023-08-29,female,2024-07-06 00:00:00,2026-03-18 05:09:35.054334
47,Mostafa Naguib,mostafanaguib@outlook.com,01547346970,14.0,1,2020-12-01,male,2025-04-10 00:00:00,2026-03-18 05:09:35.054334
439,Jana Hassan,janahassan@gmail.com,01563424009,10.0,1,2023-03-17,female,2025-03-04 00:00:00,2026-03-18 05:09:35.059331
477,Sherif Soliman,sherifsoliman@outlook.com,01134936450,14.0,1,2025-08-02,male,2022-08-27 00:00:00,2026-03-18 05:09:35.059331
134,Mariam Farouk,mariamfarouk@outlook.com,01555504725,6.0,1,2025-07-30,female,2024-02-13 00:00:00,2026-03-18 05:09:35.055331
486,Dalia Zaki,dalia.zaki49@yahoo.com,01573698335,9.0,1,2024-11-15,female,2020-02-18 00:00:00,2026-03-18 05:09:35.059331
289,Tarek Fathy,tarek.fathy61@yahoo.com,01256204319,6.0,1,2022-11-25,male,2021-01-05 00:00:00,2026-03-18 05:09:35.057330
126,Ziad Tawfik,ziad.tawfik@yahoo.com,01273411827,5.0,1,2025-04-05,male,2025-01-11 00:00:00,2026-03-18 05:09:35.055331
283,Fadi Abdel-Rahman,fadiabdelrahman@hotmail.com,01597884113,16.0,1,2025-04-21,male,2020-06-02 00:00:00,2026-03-18 05:09:35.057330
174,Eman Tawfik,eman.tawfik8@gmail.com,01186866717,18.0,1,2023-09-05,female,2025-11-01 00:00:00,2026-03-18 05:09:35.056335
320,Mariam Ibrahim,mariamibrahim@yahoo.com,01295048563,10.0,1,2024-03-11,female,2021-03-11 00:00:00,2026-03-18 05:09:35.057330
80,Noha Saleh,noha.saleh73@outlook.com,01132814819,6.0,2,2024-04-15,female,2022-09-13 00:00:00,2026-03-18 05:09:35.055331
209,Mariam El-Din,mariam.eldin88@yahoo.com,01071957885,7.0,1,2023-04-08,female,2020-10-10 00:00:00,2026-03-18 05:09:35.056335
185,Walid Saleh,walid.saleh@yahoo.com,01237291394,11.0,1,2025-01-16,male,2024-02-28 00:00:00,2026-03-18 05:09:35.056335
405,Sherine Shaker,sherine.shaker9@yahoo.com,01170315326,10.0,1,2024-02-12,female,2025-02-02 00:00:00,2026-03-18 05:09:35.058332
296,Sherine Ahmed,sherine.ahmed@yahoo.com,01527172371,9.0,1,2022-01-19,female,2023-10-06 00:00:00,2026-03-18 05:09:35.057330
301,Dalia Naguib,@nodomain.com,01053246714,17.0,1,2020-01-17,female,2022-10-16 00:00:00,2026-03-18 05:09:35.057330
271,Mostafa Mahmoud,mostafamahmoud@gmail.com,01010171954,2.0,1,2024-09-14,male,2021-11-12 00:00:00,2026-03-18 05:09:35.057330
16,Wael Hassan,wael.hassan@gmail.com,01299788677,16.0,1,2021-06-25,male,2025-04-20 00:00:00,2026-03-18 05:09:35.054334
437,Hassan Mansour,hassanmansour@outlook.com,01543122766,14.0,1,2020-06-20,male,2024-04-07 00:00:00,2026-03-18 05:09:35.059331
448,Ramy Abdel-Rahman,ramy.abdelrahman59@yahoo.com,01214810369,3.0,1,2023-08-15,male,2024-02-18 00:00:00,2026-03-18 05:09:35.059331
369,Hassan Mohamed,hassan.mohamed46@outlook.com,01564418707,7.0,1,2020-10-08,male,2021-01-04 00:00:00,2026-03-18 05:09:35.058332
222,Heba Gaber,heba.gaber@outlook.com,01085886408,1.0,1,2022-06-22,female,2023-04-11 00:00:00,2026-03-18 05:09:35.056335
440,Karim Abdel-Rahman,karim.abdelrahman89@gmail.com,01172220513,15.0,2,2025-08-12,male,2021-04-08 00:00:00,2026-03-18 05:09:35.059331
154,Sara Naguib,sara.naguib80@hotmail.com,01027268907,4.0,1,2023-10-20,female,2024-02-06 00:00:00,2026-03-18 05:09:35.056335
441,Nabil El-Din,nabileldin@yahoo.com,01270516875,1.0,1,2022-04-07,male,2025-02-05 00:00:00,2026-03-18 05:09:35.059331
350,Amr Farouk,amr.farouk79@yahoo.com,01179006257,5.0,1,2022-01-03,male,2021-08-21 00:00:00,2026-03-18 05:09:35.058332
12,Tarek Ahmed,tarekahmed@gmail.com,01512614124,4.0,1,2023-06-13,male,2022-09-07 00:00:00,2026-03-18 05:09:35.054334
461,Nada Mahmoud,nadamahmoud@yahoo.com,01269205536,4.0,1,2021-10-07,female,2023-01-25 00:00:00,2026-03-18 05:09:35.059331
307,Farida Shaker,farida.shaker14@outlook.com,01047944260,4.0,1,2025-07-31,female,2022-03-24 00:00:00,2026-03-18 05:09:35.057330
156,Khaled Shaker,khaled.shaker79@outlook.com,01289688374,11.0,1,2025-09-18,male,2025-12-20 00:00:00,2026-03-18 05:09:35.056335
133,Abeer Abdel-Rahman,abeer.abdelrahman@outlook.com,01148401154,12.0,1,2020-07-14,female,2023-09-21 00:00:00,2026-03-18 05:09:35.055331
78,Laila Rizk,laila.rizk@outlook.com,01041510328,10.0,1,2021-01-05,female,2024-11-12 00:00:00,2026-03-18 05:09:35.055331
194,Ahmed Soliman,ahmed.soliman3@hotmail.com,01534060788,4.0,1,2025-11-17,male,2021-09-01 00:00:00,2026-03-18 05:09:35.056335
434,Amira Zaki,amira.zaki@hotmail.com,01027655789,6.0,2,2022-12-29,female,2022-08-03 00:00:00,2026-03-18 05:09:35.059331
131,Nabil El-Din,nabil.eldin@hotmail.com,01283284724,11.0,1,2021-12-18,male,2025-03-18 00:00:00,2026-03-18 05:09:35.055331
162,Dalia Farouk,dalia.farouk@hotmail.com,01562953249,12.0,1,2021-08-22,female,2023-04-04 00:00:00,2026-03-18 05:09:35.056335
221,Hossam Abdel-Rahman,hossam.abdelrahman58@hotmail.com,01058189421,1.0,1,2022-03-10,male,2024-04-21 00:00:00,2026-03-18 05:09:35.056335
414,Noha Mansour,noha.mansour1@outlook.com,01048182550,1.0,1,2023-05-21,female,2020-01-27 00:00:00,2026-03-18 05:09:35.059331
262,Samar Fathy,samarfathy@hotmail.com,01113498112,11.0,1,2020-04-30,female,2023-02-24 00:00:00,2026-03-18 05:09:35.057330
454,Ziad Ahmed,ziadahmed@hotmail.com,01514772547,5.0,1,2025-03-01,male,2023-10-04 00:00:00,2026-03-18 05:09:35.059331
180,Aya Khalil,aya.khalil5@gmail.com,01592533595,1.0,1,2020-10-02,female,2021-02-17 00:00:00,2026-03-18 05:09:35.056335
370,Jana Abdallah,janaabdallah@hotmail.com,01191384718,7.0,1,2024-07-12,female,2020-01-20 00:00:00,2026-03-18 05:09:35.058332
248,Essam Farouk,essam.farouk@gmail.com,01063811222,3.0,1,2023-03-02,male,2023-06-26 00:00:00,2026-03-18 05:09:35.057330
40,Dina Ahmed,dina.ahmed7@outlook.com,01126288475,15.0,1,2025-03-18,female,2025-12-15 00:00:00,2026-03-18 05:09:35.054334
275,Reem Abdel-Rahman,reemabdelrahman@gmail.com,01530614492,2.0,1,2024-10-17,female,2020-12-24 00:00:00,2026-03-18 05:09:35.057330
442,Mostafa El-Masry,mostafa.elmasry92@yahoo.com,01022239481,4.0,1,2024-01-26,male,2020-12-15 00:00:00,2026-03-18 05:09:35.059331
39,Farida Mohamed,farida.mohamed92@yahoo.com,01576354180,13.0,1,2020-01-23,female,2021-03-12 00:00:00,2026-03-18 05:09:35.054334
476,Omar Rizk,omar.rizk@outlook.com,01196200382,,1,2025-02-10,male,2024-10-09 00:00:00,2026-03-18 05:09:35.059331
367,Ashraf Naguib,ashraf.naguib79@outlook.com,01290191410,2.0,1,2021-12-18,male,2025-07-17 00:00:00,2026-03-18 05:09:35.058332
153,Bassem Ibrahim,bassemibrahim@hotmail.com,01559115280,2.0,1,2022-03-08,male,2024-01-24 00:00:00,2026-03-18 05:09:35.056335
68,Hossam Farouk,hossam.farouk@hotmail.com,01154265498,14.0,1,2023-03-26,male,2024-06-28 00:00:00,2026-03-18 05:09:35.055331
230,Rania El-Masry,rania.elmasry71@hotmail.com,01185986307,16.0,1,2020-07-17,female,2020-07-07 00:00:00,2026-03-18 05:09:35.056335
474,Bassem Abdel-Rahman,bassem.abdelrahman56@yahoo.com,01593914843,11.0,1,2024-07-21,male,2024-04-11 00:00:00,2026-03-18 05:09:35.059331
63,Reem Mohamed,reem.mohamed@yahoo.com,01110359129,14.0,1,2025-04-08,female,2023-04-07 00:00:00,2026-03-18 05:09:35.055331
332,Amira Tawfik,amiratawfik@gmail.com,01093935292,10.0,1,2024-01-06,female,2020-10-25 00:00:00,2026-03-18 05:09:35.058332
97,Khaled Shaker,khaled.shaker36@yahoo.com,01261124122,17.0,1,2025-09-01,male,2024-10-28 00:00:00,2026-03-18 05:09:35.055331
84,Malak Mostafa,malak.mostafa29@hotmail.com,01193334601,9.0,1,2021-07-14,female,2021-02-01 00:00:00,2026-03-18 05:09:35.055331
44,Salma El-Din,salma.eldin98@gmail.com,01574019136,1.0,1,2023-05-08,female,2024-05-16 00:00:00,2026-03-18 05:09:35.054334
140,Abeer Abdallah,abeerabdallah@hotmail.com,01192124765,10.0,1,2025-07-04,female,2022-03-30 00:00:00,2026-03-18 05:09:35.055331
267,Sara Farouk,sara.farouk@outlook.com,01250502233,11.0,1,2021-10-07,female,2024-11-24 00:00:00,2026-03-18 05:09:35.057330
43,Mahmoud Naguib,mahmoudnaguib@yahoo.com,01554410148,18.0,1,2020-09-12,male,2022-04-27 00:00:00,2026-03-18 05:09:35.054334
240,Nabil Fathy,nabil.fathy3@gmail.com,01011851322,9.0,1,2020-09-04,male,2024-06-18 00:00:00,2026-03-18 05:09:35.057330
145,Nabil Ali,nabil.ali16@gmail.com,01150818905,6.0,1,2022-07-12,male,2023-11-18 00:00:00,2026-03-18 05:09:35.055331
254,Nabil El-Din,nabileldin@gmail.com,01552148834,14.0,1,2024-01-07,male,2022-04-30 00:00:00,2026-03-18 05:09:35.057330
287,Omar Abdel-Rahman,omar.abdelrahman18@outlook.com,01033318633,7.0,1,2022-04-02,male,2020-08-24 00:00:00,2026-03-18 05:09:35.057330
200,Nour Ibrahim,nour.ibrahim44@gmail.com,01553805532,1.0,1,2025-01-19,female,2025-07-02 00:00:00,2026-03-18 05:09:35.056335
25,Yasmin Mansour,yasmin.mansour79@hotmail.com,01099639081,18.0,1,2021-02-28,female,2021-07-04 00:00:00,2026-03-18 05:09:35.054334
115,Khaled Shaker,khaledshaker@yahoo.com,01056095437,3.0,1,2021-12-07,male,2020-06-09 00:00:00,2026-03-18 05:09:35.055331
164,Youssef Shaker,youssef.shaker@yahoo.com,01195623471,8.0,2,2024-08-19,male,2023-09-14 00:00:00,2026-03-18 05:09:35.056335
489,Reem Tawfik,reem.tawfik@hotmail.com,01019120357,1.0,1,2025-11-21,female,2021-03-01 00:00:00,2026-03-18 05:09:35.059331
138,Omar Mostafa,omarmostafa@hotmail.com,01091214453,5.0,1,2024-02-28,male,2024-03-03 00:00:00,2026-03-18 05:09:35.055331
290,Fatma Naguib,missing@domain,01137746963,9.0,1,2025-10-03,female,2020-03-23 00:00:00,2026-03-18 05:09:35.057330
265,Ziad Fathy,ziad.fathy@yahoo.com,01017538738,8.0,1,2020-03-22,male,2025-11-26 00:00:00,2026-03-18 05:09:35.057330
395,Shahd Shaker,shahd.shaker@hotmail.com,01081802559,1.0,1,2021-02-22,female,2023-03-01 00:00:00,2026-03-18 05:09:35.058332
463,Omar Abdel-Rahman,omarabdelrahman@hotmail.com,01027458237,1.0,1,2020-07-25,male,2021-03-09 00:00:00,2026-03-18 05:09:35.059331
443,Jana Soliman,jana.soliman49@yahoo.com,01515892974,6.0,1,2021-09-06,female,2021-10-26 00:00:00,2026-03-18 05:09:35.059331
196,Reem Mohamed,reemmohamed@gmail.com,01560622842,18.0,1,2020-02-08,female,2021-12-02 00:00:00,2026-03-18 05:09:35.056335
281,Sara Gaber,saragaber@yahoo.com,01218994192,3.0,1,2024-06-15,female,2023-08-28 00:00:00,2026-03-18 05:09:35.057330
160,Ayman Mahmoud,aymanmahmoud@outlook.com,01233244151,15.0,1,2023-11-03,male,2023-12-22 00:00:00,2026-03-18 05:09:35.056335
315,Samy Gaber,samygaber@yahoo.com,01068095862,8.0,1,2024-04-25,male,2021-08-31 00:00:00,2026-03-18 05:09:35.057330
263,Fadi Fathy,fadi.fathy@yahoo.com,01198162850,8.0,1,2020-08-17,male,2022-06-17 00:00:00,2026-03-18 05:09:35.057330
282,Eman Mansour,eman.mansour90@gmail.com,01525102023,14.0,1,2021-02-14,female,2021-03-08 00:00:00,2026-03-18 05:09:35.057330
495,,hazem.rizk@outlook.com,01262523472,1.0,1,2025-07-02,male,2025-05-12 00:00:00,2026-03-18 05:09:35.059331
342,Mohamed El-Sayed,mohamed.elsayed69@outlook.com,01050894954,7.0,1,2023-11-09,male,2022-05-17 00:00:00,2026-03-18 05:09:35.058332
112,Nabil Rizk,nabil.rizk88@outlook.com,01294183695,11.0,1,2020-10-06,male,2025-04-04 00:00:00,2026-03-18 05:09:35.055331
361,Dina Fathy,dina.fathy45@outlook.com,01067108220,5.0,1,2022-08-10,female,2020-12-09 00:00:00,2026-03-18 05:09:35.058332
64,Mahmoud Abdel-Rahman,mahmoud.abdelrahman10@outlook.com,01145507920,7.0,1,2022-07-09,male,2021-09-02 00:00:00,2026-03-18 05:09:35.055331
253,Mahmoud Abdel-Rahman,mahmoud.abdelrahman51@hotmail.com,01252688984,15.0,1,2020-11-01,male,2022-04-10 00:00:00,2026-03-18 05:09:35.057330
408,Ziad Ali,ziad.ali@gmail.com,01535718350,4.0,2,2024-05-10,male,2025-06-29 00:00:00,2026-03-18 05:09:35.059331
374,Sara Naguib,sara.naguib10@hotmail.com,01173962190,11.0,1,2023-01-07,female,2022-01-18 00:00:00,2026-03-18 05:09:35.058332
323,Hossam El-Sayed,hossamelsayed@gmail.com,01578227286,6.0,1,2021-12-12,male,2021-06-09 00:00:00,2026-03-18 05:09:35.058332
246,Mostafa Ibrahim,mostafa.ibrahim30@gmail.com,01015910667,1.0,1,2025-04-16,male,2024-01-30 00:00:00,2026-03-18 05:09:35.057330
311,Heba Zaki,heba.zaki@gmail.com,01154112109,12.0,1,2023-01-03,female,2021-01-15 00:00:00,2026-03-18 05:09:35.057330
393,Karim Abdallah,karim.abdallah21@yahoo.com,01560782359,8.0,1,2024-09-25,male,2022-09-08 00:00:00,2026-03-18 05:09:35.058332
403,Dina El-Masry,dina.elmasry57@hotmail.com,01112865928,13.0,1,2021-07-05,female,2022-10-23 00:00:00,2026-03-18 05:09:35.058332
387,Ramy Khalil,ramy.khalil@gmail.com,01523825676,4.0,2,2025-04-22,male,2020-08-08 00:00:00,2026-03-18 05:09:35.058332
101,Farida Abdel-Rahman,farida.abdelrahman20@yahoo.com,01540097636,4.0,1,2024-02-14,female,2021-04-15 00:00:00,2026-03-18 05:09:35.055331
189,Fadi Zaki,fadizaki@hotmail.com,01265556767,2.0,1,2022-06-25,male,2021-08-20 00:00:00,2026-03-18 05:09:35.056335
261,Mostafa Naguib,mostafa.naguib83@yahoo.com,01194658420,18.0,1,2024-04-15,male,2024-01-10 00:00:00,2026-03-18 05:09:35.057330
226,Fadi Hassan,fadi.hassan77@hotmail.com,01153440052,10.0,1,2022-12-31,male,2025-10-08 00:00:00,2026-03-18 05:09:35.056335
376,Youssef Mohamed,youssef.mohamed@outlook.com,01074732147,12.0,1,2025-07-09,male,2023-01-30 00:00:00,2026-03-18 05:09:35.058332
151,Bassem Ahmed,bassem.ahmed@hotmail.com,01579085198,15.0,1,2023-06-17,male,2025-07-30 00:00:00,2026-03-18 05:09:35.056335
319,Hazem Gaber,hazem.gaber@hotmail.com,01170996586,11.0,1,2025-04-21,male,2024-01-28 00:00:00,2026-03-18 05:09:35.057330
266,Fatma El-Masry,fatmaelmasry@yahoo.com,01153431355,2.0,2,2021-08-03,female,2021-03-30 00:00:00,2026-03-18 05:09:35.057330
309,,laila.mostafa74@gmail.com,01530017834,3.0,1,2020-11-03,female,2021-02-18 00:00:00,2026-03-18 05:09:35.057330
366,Nada El-Sayed,nada.elsayed61@yahoo.com,01521830043,3.0,1,2024-02-27,female,2020-11-23 00:00:00,2026-03-18 05:09:35.058332
137,Nada Hassan,nada.hassan47@outlook.com,01114179623,5.0,1,2024-11-29,female,2020-05-22 00:00:00,2026-03-18 05:09:35.055331
496,Salma Zaki,salma.zaki@gmail.com,01061596498,16.0,1,2026-01-01,female,2024-01-10 00:00:00,2026-03-18 05:09:35.060330
32,Ramy Mahmoud,ramymahmoud@hotmail.com,01296098221,17.0,1,2023-09-18,male,2020-04-23 00:00:00,2026-03-18 05:09:35.054334
135,Hoda Mohamed,hoda.mohamed56@gmail.com,01183212334,10.0,1,2020-11-23,female,2023-09-05 00:00:00,2026-03-18 05:09:35.055331
385,Heba Rizk,heba.rizk@outlook.com,01156120632,8.0,1,2023-04-08,female,2022-12-31 00:00:00,2026-03-18 05:09:35.058332
433,Walid Abdallah,walidabdallah@gmail.com,01113957187,11.0,1,2024-08-22,male,2024-08-11 00:00:00,2026-03-18 05:09:35.059331
312,Nevine El-Masry,nevineelmasry@outlook.com,01261769856,16.0,1,2021-11-14,female,2021-04-08 00:00:00,2026-03-18 05:09:35.057330
447,Ali Hassan,ali.hassan@gmail.com,01254440977,3.0,2,2024-09-03,male,2021-12-31 00:00:00,2026-03-18 05:09:35.059331
96,Amira Rizk,amirarizk@gmail.com,01524490391,16.0,1,2024-12-21,female,2020-10-28 00:00:00,2026-03-18 05:09:35.055331
457,Shahd Hassan,shahd.hassan@gmail.com,01270653840,10.0,1,2023-05-23,female,2021-12-17 00:00:00,2026-03-18 05:09:35.059331
182,Ayman Abdel-Rahman,ayman.abdelrahman74@hotmail.com,01241796721,10.0,1,2025-11-05,male,2022-06-24 00:00:00,2026-03-18 05:09:35.056335
455,Hoda Saleh,hodasaleh@gmail.com,01284514623,18.0,2,2023-09-20,female,2023-12-19 00:00:00,2026-03-18 05:09:35.059331
109,Mariam Naguib,mariamnaguib@yahoo.com,,14.0,1,2022-09-23,female,2024-11-19 00:00:00,2026-03-18 05:09:35.055331
462,Ahmed Shaker,ahmed.shaker27@gmail.com,01283734610,11.0,1,2023-03-06,male,2022-09-29 00:00:00,2026-03-18 05:09:35.059331
430,Ayman Khalil,ayman.khalil@hotmail.com,01240277197,5.0,1,2024-05-28,male,2021-07-16 00:00:00,2026-03-18 05:09:35.059331
340,Tarek Soliman,tarek.soliman@hotmail.com,01268743898,13.0,1,2020-05-06,male,2025-04-25 00:00:00,2026-03-18 05:09:35.058332
83,Mahmoud Naguib,mahmoudnaguib@hotmail.com,01098346110,13.0,1,2020-07-19,male,2025-07-27 00:00:00,2026-03-18 05:09:35.055331
363,Samy El-Masry,samyelmasry@gmail.com,01245071480,18.0,1,2024-02-06,male,2023-02-02 00:00:00,2026-03-18 05:09:35.058332
191,Rania Fathy,rania.fathy@outlook.com,01232718459,5.0,1,2025-06-23,female,2022-01-23 00:00:00,2026-03-18 05:09:35.056335
149,Heba Fathy,heba.fathy@hotmail.com,01252857920,12.0,1,2021-06-19,female,2024-02-26 00:00:00,2026-03-18 05:09:35.056335
424,Aya Zaki,aya.zaki@gmail.com,01193349536,5.0,1,2023-03-24,female,2020-02-26 00:00:00,2026-03-18 05:09:35.059331
30,Bassem Ahmed,bassem.ahmed@yahoo.com,01154585178,14.0,1,2022-10-13,male,2022-12-28 00:00:00,2026-03-18 05:09:35.054334
197,Hossam Saleh,hossam.saleh@hotmail.com,01040838737,7.0,1,2025-05-01,male,2023-01-15 00:00:00,2026-03-18 05:09:35.056335
288,Mohamed Mansour,mohamed.mansour@hotmail.com,01259439358,15.0,1,2021-05-22,male,2020-05-05 00:00:00,2026-03-18 05:09:35.057330
352,Salma Fathy,salma.fathy6@gmail.com,01223854626,17.0,1,2023-01-25,female,2022-12-14 00:00:00,2026-03-18 05:09:35.058332
217,Salma El-Sayed,salma.elsayed36@yahoo.com,01087490324,4.0,1,2022-02-04,female,2024-02-07 00:00:00,2026-03-18 05:09:35.056335
53,Amira Saleh,amira.saleh@hotmail.com,01047437115,15.0,1,2025-03-18,female,2024-04-01 00:00:00,2026-03-18 05:09:35.054334
171,Laila Abdel-Rahman,laila.abdelrahman34@gmail.com,01241715995,2.0,1,2025-03-21,female,2023-06-10 00:00:00,2026-03-18 05:09:35.056335
258,Essam El-Din,essam.eldin@gmail.com,01196702893,15.0,1,2021-01-11,male,2023-09-20 00:00:00,2026-03-18 05:09:35.057330
294,Fadi Shaker,fadi.shaker@hotmail.com,01097966375,16.0,1,2022-11-28,male,2024-09-10 00:00:00,2026-03-18 05:09:35.057330
485,Hussein El-Din,hussein.eldin7@hotmail.com,01225568500,2.0,1,2024-06-21,male,2025-05-04 00:00:00,2026-03-18 05:09:35.059331
279,Walid Hassan,walid.hassan69@outlook.com,01586868410,8.0,1,2020-11-19,male,2024-06-05 00:00:00,2026-03-18 05:09:35.057330
175,Mariam Gaber,mariam.gaber12@outlook.com,01517467311,15.0,1,2024-08-28,female,2025-02-14 00:00:00,2026-03-18 05:09:35.056335
195,Hussein Shaker,husseinshaker@hotmail.com,01060070135,13.0,1,2022-09-23,male,2022-07-14 00:00:00,2026-03-18 05:09:35.056335
11,Fatma Zaki,fatma.zaki@hotmail.com,01093926371,10.0,1,2025-09-10,female,2022-03-25 00:00:00,2026-03-18 05:09:35.054334
259,Mohamed Mansour,mohamedmansour@outlook.com,01513957046,13.0,1,2021-12-08,male,2023-12-20 00:00:00,2026-03-18 05:09:35.057330
120,Ali Ali,ali.ali65@gmail.com,01098842638,11.0,1,2021-06-20,male,2024-03-23 00:00:00,2026-03-18 05:09:35.055331
183,Mona Khalil,mona.khalil81@yahoo.com,01584605013,16.0,2,2023-11-11,female,2024-04-10 00:00:00,2026-03-18 05:09:35.056335
204,Tarek Abdallah,tarek.abdallah@hotmail.com,01265540647,13.0,1,2022-09-21,male,2025-11-04 00:00:00,2026-03-18 05:09:35.056335
29,Mohamed Abdel-Rahman,mohamed.abdelrahman@gmail.com,01199514287,4.0,1,2024-07-22,male,2021-09-25 00:00:00,2026-03-18 05:09:35.054334
14,Eman Shaker,eman.shaker70@yahoo.com,01151837852,13.0,1,2024-03-09,female,2024-11-29 00:00:00,2026-03-18 05:09:35.054334
94,Hoda Ahmed,hoda.ahmed@gmail.com,01241934639,11.0,2,2022-12-22,female,2020-08-02 00:00:00,2026-03-18 05:09:35.055331
466,Mahmoud Ali,mahmoudali@hotmail.com,01199279031,11.0,1,2023-08-23,male,2025-01-30 00:00:00,2026-03-18 05:09:35.059331
132,Nada Ahmed,nadaahmed@gmail.com,01049385195,7.0,2,2022-03-28,female,2020-06-20 00:00:00,2026-03-18 05:09:35.055331
390,Samy Abdallah,samy.abdallah81@outlook.com,01580257585,18.0,1,2023-11-23,male,2025-05-26 00:00:00,2026-03-18 05:09:35.058332
389,Nada Ali,nada.ali@yahoo.com,01253647781,16.0,1,2023-01-20,female,2024-12-27 00:00:00,2026-03-18 05:09:35.058332
159,Hussein El-Sayed,husseinelsayed@outlook.com,01165079923,17.0,1,2025-04-15,male,2020-09-12 00:00:00,2026-03-18 05:09:35.056335
372,Mai Fathy,mai.fathy59@hotmail.com,01588762521,1.0,1,2022-11-22,female,2020-10-03 00:00:00,2026-03-18 05:09:35.058332
285,Khaled Abdel-Rahman,khaled.abdelrahman90@outlook.com,01040595926,5.0,1,2024-12-19,male,2023-08-07 00:00:00,2026-03-18 05:09:35.057330
343,Nagla Rizk,nagla.rizk@yahoo.com,01192796892,9.0,1,2022-01-12,female,2020-08-10 00:00:00,2026-03-18 05:09:35.058332
148,Farida Rizk,farida.rizk@hotmail.com,abc12345,15.0,2,2020-09-02,female,2021-10-09 00:00:00,2026-03-18 05:09:35.056335
299,Hussein El-Masry,husseinelmasry@outlook.com,01120846331,16.0,1,2021-12-25,male,2023-07-07 00:00:00,2026-03-18 05:09:35.057330
157,Shahd El-Din,shahdeldin@gmail.com,01065907088,10.0,1,2020-04-19,female,2025-04-27 00:00:00,2026-03-18 05:09:35.056335
252,Shahd Farouk,shahd.farouk@gmail.com,01195525640,13.0,2,2020-09-12,female,2024-11-16 00:00:00,2026-03-18 05:09:35.057330
291,Hossam Ali,hossamali@gmail.com,01296267144,9.0,1,2024-03-22,male,2023-11-29 00:00:00,2026-03-18 05:09:35.057330
452,,ahmedibrahim@yahoo.com,01516105858,11.0,1,2022-05-19,male,2020-02-16 00:00:00,2026-03-18 05:09:35.059331
451,Abeer Ali,abeer.ali67@outlook.com,01576102828,6.0,1,2022-08-11,female,2023-04-04 00:00:00,2026-03-18 05:09:35.059331
236,Jana Mahmoud,jana.mahmoud53@yahoo.com,01539158087,3.0,1,2021-07-27,female,2021-05-19 00:00:00,2026-03-18 05:09:35.057330
422,Mahmoud Mohamed,mahmoud.mohamed42@outlook.com,01025103503,14.0,1,2023-11-27,male,2022-02-19 00:00:00,2026-03-18 05:09:35.059331
136,Mona Mansour,mona.mansour22@outlook.com,01557183837,15.0,2,2023-12-15,female,2024-11-16 00:00:00,2026-03-18 05:09:35.055331
86,Nevine Ahmed,nevine.ahmed38@outlook.com,01225457816,15.0,1,2021-07-30,female,2022-07-13 00:00:00,2026-03-18 05:09:35.055331
177,Noha Tawfik,nohatawfik@gmail.com,01048532662,14.0,1,2021-07-08,female,2024-09-17 00:00:00,2026-03-18 05:09:35.056335
379,Khaled Farouk,khaled.farouk24@hotmail.com,01241828278,9.0,1,2023-11-06,male,2024-02-07 00:00:00,2026-03-18 05:09:35.058332
120,Ali Ali,ali.ali65@gmail.com,01098842638,11.0,1,2021-06-20,male,2024-03-23 00:00:00,2026-03-18 05:09:35.055331
341,Walid Mostafa,walidmostafa@outlook.com,01150004466,12.0,1,2020-02-15,male,2021-08-02 00:00:00,2026-03-18 05:09:35.058332
1,Ahmed Zaki,ahmed.zaki18@yahoo.com,01083197857,3.0,1,2020-05-10,male,2020-05-02 00:00:00,2026-03-18 05:09:35.054334
163,Ibrahim Tawfik,ibrahimtawfik@outlook.com,01538720823,7.0,1,2023-01-15,male,2023-01-17 00:00:00,2026-03-18 05:09:35.056335
216,Amira Mostafa,amira.mostafa24@yahoo.com,01563094168,1.0,1,2022-03-19,female,2025-01-15 00:00:00,2026-03-18 05:09:35.056335
467,Fatma Mohamed,fatmamohamed@hotmail.com,01147883942,12.0,1,2021-06-05,female,2025-09-11 00:00:00,2026-03-18 05:09:35.059331
161,Farida Fathy,farida.fathy36@yahoo.com,01240181142,10.0,1,2022-04-29,female,2025-06-25 00:00:00,2026-03-18 05:09:35.056335
95,Ashraf Saleh,ashrafsaleh@gmail.com,01278885632,4.0,1,2022-06-26,male,2020-06-26 00:00:00,2026-03-18 05:09:35.055331
203,Malak Khalil,malakkhalil@gmail.com,01584757265,18.0,1,2021-02-27,female,2020-04-17 00:00:00,2026-03-18 05:09:35.056335
48,Ashraf Abdallah,ashraf.abdallah29@hotmail.com,01097477029,2.0,1,2022-10-09,male,2022-03-27 00:00:00,2026-03-18 05:09:35.054334
432,Hussein Rizk,husseinrizk@yahoo.com,01167722252,5.0,1,2021-10-09,male,2023-07-24 00:00:00,2026-03-18 05:09:35.059331
227,Ali Saleh,ali.saleh@hotmail.com,01143511112,5.0,1,2022-10-10,male,2024-05-27 00:00:00,2026-03-18 05:09:35.056335
36,Samar Ali,samar.ali87@outlook.com,01192613013,10.0,1,2020-01-02,female,2023-05-29 00:00:00,2026-03-18 05:09:35.054334
198,Hany Mohamed,hany.mohamed70@hotmail.com,01034072553,11.0,2,2022-04-28,male,2021-08-13 00:00:00,2026-03-18 05:09:35.056335
119,Hazem Gaber,hazemgaber@hotmail.com,01234194479,7.0,1,2025-06-14,male,2022-02-25 00:00:00,2026-03-18 05:09:35.055331
386,Rania Mansour,rania.mansour96@hotmail.com,01565564671,6.0,1,2020-04-04,female,2021-05-27 00:00:00,2026-03-18 05:09:35.058332
7,Mahmoud Hassan,mahmoud.hassan@outlook.com,01186125617,11.0,1,2025-08-06,male,2024-06-08 00:00:00,2026-03-18 05:09:35.054334
150,Khaled Mostafa,khaled.mostafa@hotmail.com,01122993840,2.0,1,2024-04-22,male,2024-09-08 00:00:00,2026-03-18 05:09:35.056335
353,Amr Rizk,amrrizk@gmail.com,01539917031,17.0,1,2023-11-14,male,2025-06-17 00:00:00,2026-03-18 05:09:35.058332
147,Ramy Shaker,ramy.shaker@hotmail.com,01020901547,2.0,1,2022-12-20,male,2022-05-13 00:00:00,2026-03-18 05:09:35.056335
270,Aya El-Masry,ayaelmasry@yahoo.com,01195387542,3.0,1,2023-10-07,female,2025-01-03 00:00:00,2026-03-18 05:09:35.057330
456,Ali Khalil,ali.khalil49@hotmail.com,01186635858,13.0,1,2021-04-23,male,2023-06-16 00:00:00,2026-03-18 05:09:35.059331
181,Sherif Shaker,sherif.shaker32@gmail.com,01063991141,15.0,1,2022-06-08,male,2020-08-19 00:00:00,2026-03-18 05:09:35.056335
420,Mahmoud Saleh,mahmoud.saleh@outlook.com,01221079017,16.0,1,2020-07-20,male,2024-06-23 00:00:00,2026-03-18 05:09:35.059331
79,Nabil Rizk,nabil.rizk@gmail.com,01213885234,2.0,1,2020-08-17,male,2023-04-16 00:00:00,2026-03-18 05:09:35.055331
330,Nevine Mostafa,nevine.mostafa97@hotmail.com,01135970823,10.0,1,2020-11-01,female,2022-02-04 00:00:00,2026-03-18 05:09:35.058332
359,Mahmoud Naguib,mahmoud.naguib@gmail.com,01530073763,4.0,1,2020-06-08,male,2025-12-16 00:00:00,2026-03-18 05:09:35.058332
5,Nabil Abdel-Rahman,nabilabdelrahman@yahoo.com,01270855700,12.0,1,2023-12-26,male,2022-05-08 00:00:00,2026-03-18 05:09:35.054334
449,Nevine Mohamed,nevinemohamed@gmail.com,01126377680,9.0,1,2024-08-21,female,2025-11-18 00:00:00,2026-03-18 05:09:35.059331
166,Mona Rizk,mona.rizk84@gmail.com,01181826922,2.0,1,2021-12-18,female,2024-09-07 00:00:00,2026-03-18 05:09:35.056335
247,Abeer Ali,abeer.ali71@gmail.com,01540133935,11.0,1,2023-08-03,female,2023-01-16 00:00:00,2026-03-18 05:09:35.057330
76,Reem Rizk,reem.rizk@outlook.com,01223470708,15.0,2,2025-02-14,female,2020-03-03 00:00:00,2026-03-18 05:09:35.055331
450,Samy Mahmoud,samy.mahmoud74@gmail.com,01074916146,10.0,1,2023-07-20,male,2022-11-29 00:00:00,2026-03-18 05:09:35.059331
34,Nagla El-Din,naglaeldin@gmail.com,01079782527,18.0,1,2022-03-18,female,2024-01-31 00:00:00,2026-03-18 05:09:35.054334
56,Dina Naguib,dina.naguib85@hotmail.com,01273519947,18.0,1,2024-10-08,female,2023-09-16 00:00:00,2026-03-18 05:09:35.054334
105,Amira Gaber,amiragaber@outlook.com,01178765957,4.0,1,2021-03-30,female,2023-03-06 00:00:00,2026-03-18 05:09:35.055331
188,Walid El-Masry,walid.elmasry60@outlook.com,01251395738,9.0,1,2025-07-29,male,2025-03-23 00:00:00,2026-03-18 05:09:35.056335
178,Nagla Naguib,nagla.naguib@outlook.com,01197715861,12.0,1,2024-05-28,female,2025-12-06 00:00:00,2026-03-18 05:09:35.056335
418,Hany El-Masry,hany.elmasry@outlook.com,01197614538,1.0,1,2024-04-15,male,2020-08-09 00:00:00,2026-03-18 05:09:35.059331
375,Hossam Zaki,hossam.zaki@yahoo.com,01137214866,8.0,1,2023-12-29,male,2021-09-30 00:00:00,2026-03-18 05:09:35.058332
297,Mahmoud Farouk,mahmoudfarouk@hotmail.com,01244971668,10.0,1,2021-04-27,male,2025-04-11 00:00:00,2026-03-18 05:09:35.057330
22,Ayman Mohamed,ayman.mohamed@gmail.com,01164193837,4.0,1,2022-10-05,male,2020-06-11 00:00:00,2026-03-18 05:09:35.054334
444,Hassan Tawfik,hassan.tawfik40@hotmail.com,01548759467,6.0,1,2021-06-22,male,2022-04-10 00:00:00,2026-03-18 05:09:35.059331
373,Nada Mostafa,nadamostafa@yahoo.com,01279324022,18.0,2,2022-12-14,female,2022-10-13 00:00:00,2026-03-18 05:09:35.058332
116,Samy Mansour,samymansour@yahoo.com,01261998170,14.0,1,2020-08-02,male,2023-10-02 00:00:00,2026-03-18 05:09:35.055331
491,Omar Shaker,omar.shaker15@yahoo.com,01144002147,10.0,1,2020-11-06,male,2025-01-31 00:00:00,2026-03-18 05:09:35.059331
278,Nour Khalil,nourkhalil@hotmail.com,01030284415,4.0,2,2023-11-09,female,2024-08-22 00:00:00,2026-03-18 05:09:35.057330
384,Nabil Abdel-Rahman,nabilabdelrahman@outlook.com,01061146483,10.0,1,2021-08-16,male,2021-11-17 00:00:00,2026-03-18 05:09:35.058332
205,Ramy Naguib,ramynaguib@hotmail.com,01529587040,3.0,1,2023-02-04,male,2024-09-20 00:00:00,2026-03-18 05:09:35.056335
208,Yasmin Naguib,yasmin.naguib95@hotmail.com,01587293208,8.0,1,2023-02-22,female,2024-05-28 00:00:00,2026-03-18 05:09:35.056335
397,Noha Mansour,noha.mansour@gmail.com,01117521339,9.0,1,2020-10-19,female,2025-04-09 00:00:00,2026-03-18 05:09:35.058332
202,Aya Naguib,ayanaguib@yahoo.com,01258412365,4.0,2,2023-06-16,female,2024-12-26 00:00:00,2026-03-18 05:09:35.056335
218,Hana Mansour,hana.mansour68@outlook.com,01290124068,13.0,1,2021-04-12,female,2023-11-26 00:00:00,2026-03-18 05:09:35.056335
18,Amr Zaki,amr.zaki@gmail.com,01181979055,15.0,1,2022-01-21,male,2023-02-14 00:00:00,2026-03-18 05:09:35.054334
241,Nada Tawfik,nada.tawfik55@outlook.com,01521063273,18.0,1,2021-09-17,female,2023-02-10 00:00:00,2026-03-18 05:09:35.057330
431,Ashraf Naguib,ashraf.naguib@yahoo.com,01167239162,10.0,1,2023-09-10,male,2025-01-13 00:00:00,2026-03-18 05:09:35.059331
473,Essam El-Sayed,essamelsayed@outlook.com,01059556257,18.0,1,2020-01-04,male,2024-01-11 00:00:00,2026-03-18 05:09:35.059331
411,Youssef Zaki,youssef.zaki@outlook.com,01186507818,6.0,1,2024-08-27,male,2021-03-08 00:00:00,2026-03-18 05:09:35.059331
382,Hoda Fathy,hoda.fathy@gmail.com,01118057946,7.0,1,2025-05-05,female,2021-01-29 00:00:00,2026-03-18 05:09:35.058332
415,Dina Mahmoud,dina.mahmoud99@gmail.com,01284311410,17.0,1,2021-09-25,female,2021-01-21 00:00:00,2026-03-18 05:09:35.059331
114,Sara Rizk,sara.rizk79@gmail.com,01572104107,18.0,1,2020-06-17,female,2025-01-16 00:00:00,2026-03-18 05:09:35.055331
349,Samar Abdallah,samarabdallah@yahoo.com,01189134873,10.0,1,2025-08-14,female,2025-09-21 00:00:00,2026-03-18 05:09:35.058332
168,Amira Rizk,amira.rizk18@outlook.com,01546619573,7.0,1,2023-09-16,female,2021-10-27 00:00:00,2026-03-18 05:09:35.056335
269,Ashraf El-Sayed,ashraf.elsayed99@outlook.com,01034438599,11.0,1,2022-06-23,male,2021-03-02 00:00:00,2026-03-18 05:09:35.057330
127,Wael Mohamed,missing@domain,01524923247,10.0,1,2021-05-14,male,2020-07-14 00:00:00,2026-03-18 05:09:35.055331
220,Tarek Tawfik,tarek.tawfik54@outlook.com,01187149161,13.0,1,2025-06-16,male,2021-12-10 00:00:00,2026-03-18 05:09:35.056335
494,Hany Mansour,hany.mansour@gmail.com,01086684568,9.0,1,2020-03-17,male,2025-07-31 00:00:00,2026-03-18 05:09:35.059331
143,Tarek Abdallah,tarek.abdallah@outlook.com,01018824561,10.0,1,2025-05-14,male,2025-11-23 00:00:00,2026-03-18 05:09:35.055331
237,Noha Saleh,nohasaleh@yahoo.com,01043308414,18.0,1,2023-03-13,female,2020-04-19 00:00:00,2026-03-18 05:09:35.057330
497,Reem Abdel-Rahman,reem.abdelrahman47@gmail.com,01220798726,15.0,1,2023-04-02,female,2022-04-11 00:00:00,2026-03-18 05:09:35.060330
308,Nabil Khalil,nabil.khalil46@yahoo.com,01549641367,6.0,2,2025-07-26,male,2022-04-30 00:00:00,2026-03-18 05:09:35.057330
77,Karim Rizk,karimrizk@gmail.com,01293652460,13.0,1,2023-09-07,male,2025-12-25 00:00:00,2026-03-18 05:09:35.055331
400,Mostafa Fathy,mostafa.fathy@yahoo.com,01125157001,8.0,1,2023-08-22,male,2020-03-02 00:00:00,2026-03-18 05:09:35.058332
398,Hussein Khalil,hussein.khalil16@gmail.com,01161646699,15.0,1,2020-05-17,male,2022-03-26 00:00:00,2026-03-18 05:09:35.058332
45,Samar Zaki,samar.zaki@yahoo.com,01268496914,16.0,2,2023-10-08,female,2024-07-14 00:00:00,2026-03-18 05:09:35.054334
325,Hoda Ali,hoda.ali90@hotmail.com,01284300459,7.0,1,2023-04-05,female,2023-11-15 00:00:00,2026-03-18 05:09:35.058332
381,Hoda Mostafa,hoda.mostafa@outlook.com,01173483243,1.0,1,2025-08-08,female,2021-07-04 00:00:00,2026-03-18 05:09:35.058332
339,Salma Mansour,salma.mansour@outlook.com,01525878730,18.0,2,2020-09-16,female,2020-07-05 00:00:00,2026-03-18 05:09:35.058332
152,Omar Naguib,omar.naguib28@yahoo.com,01216530784,2.0,1,2025-04-11,male,2023-03-16 00:00:00,2026-03-18 05:09:35.056335
346,Heba Ahmed,missing@domain,01547135338,12.0,1,2023-09-20,female,2025-05-19 00:00:00,2026-03-18 05:09:35.058332
176,Walid Mansour,walid.mansour@hotmail.com,01544152669,1.0,1,2020-10-26,male,2020-07-04 00:00:00,2026-03-18 05:09:35.056335
483,Adel Ahmed,adelahmed@yahoo.com,01233541704,9.0,1,2022-08-25,male,2025-06-09 00:00:00,2026-03-18 05:09:35.059331
402,Mahmoud Ahmed,mahmoud.ahmed98@hotmail.com,01018022882,12.0,1,2021-03-15,male,2021-05-30 00:00:00,2026-03-18 05:09:35.058332
302,Samy Farouk,samy.farouk50@gmail.com,01232417070,3.0,1,2023-05-06,male,2023-04-06 00:00:00,2026-03-18 05:09:35.057330
239,Mariam Mostafa,mariam.mostafa@gmail.com,01252476240,5.0,1,2024-09-19,female,2024-02-05 00:00:00,2026-03-18 05:09:35.057330
427,Sherif Rizk,sherif.rizk50@gmail.com,01298983888,12.0,1,2020-03-19,male,2023-04-13 00:00:00,2026-03-18 05:09:35.059331
481,Mohamed Tawfik,mohamed.tawfik94@hotmail.com,01218243352,16.0,1,2020-07-30,male,2023-04-10 00:00:00,2026-03-18 05:09:35.059331
144,Malak Saleh,malaksaleh@gmail.com,01070394554,15.0,1,2023-11-12,female,2021-06-09 00:00:00,2026-03-18 05:09:35.055331
31,Fadi Tawfik,fadi.tawfik@gmail.com,01171780854,12.0,1,2022-07-21,male,2022-07-02 00:00:00,2026-03-18 05:09:35.054334
292,Rania Mahmoud,rania.mahmoud@outlook.com,01078654208,12.0,1,2023-03-03,female,2023-05-07 00:00:00,2026-03-18 05:09:35.057330
17,Fadi Fathy,fadi.fathy@yahoo.com,01557553014,14.0,1,2020-08-09,male,2021-02-07 00:00:00,2026-03-18 05:09:35.054334
66,Eman Abdallah,eman.abdallah@gmail.com,01553261270,9.0,2,2022-07-26,female,2020-03-25 00:00:00,2026-03-18 05:09:35.055331
347,Amira Farouk,amira.farouk@outlook.com,01196644469,3.0,1,2021-07-27,female,2022-03-15 00:00:00,2026-03-18 05:09:35.058332
468,Amr Tawfik,amr.tawfik72@hotmail.com,01050549608,18.0,1,2024-08-20,male,2022-09-04 00:00:00,2026-03-18 05:09:35.059331
401,Fadi Khalil,fadi.khalil@outlook.com,01087990837,16.0,1,2021-09-26,male,2024-03-01 00:00:00,2026-03-18 05:09:35.058332
184,Shahd Saleh,shahd.saleh@hotmail.com,01542342202,8.0,1,2021-08-14,female,2025-03-11 00:00:00,2026-03-18 05:09:35.056335
364,Malak Mahmoud,malakmahmoud@outlook.com,01544061458,10.0,1,2024-06-18,female,2021-07-19 00:00:00,2026-03-18 05:09:35.058332
235,Noha Abdel-Rahman,noha.abdelrahman83@yahoo.com,01119182050,17.0,1,2021-11-03,female,2024-12-07 00:00:00,2026-03-18 05:09:35.057330
70,Farida Fathy,faridafathy@gmail.com,01148658617,15.0,1,2025-06-08,female,2021-05-12 00:00:00,2026-03-18 05:09:35.055331
192,Ayman Hassan,ayman.hassan@gmail.com,01065350347,5.0,1,2022-08-05,male,2020-10-05 00:00:00,2026-03-18 05:09:35.056335
199,Abeer Mohamed,abeermohamed@yahoo.com,01261518966,5.0,1,2020-11-17,female,2025-08-13 00:00:00,2026-03-18 05:09:35.056335
417,Ashraf Mohamed,ashrafmohamed@outlook.com,01089890579,10.0,2,2024-04-11,male,2020-11-17 00:00:00,2026-03-18 05:09:35.059331
345,Youssef Abdel-Rahman,youssefabdelrahman@yahoo.com,01554069864,10.0,1,2021-09-16,male,2024-02-01 00:00:00,2026-03-18 05:09:35.058332
111,Wael Farouk,wael.farouk@yahoo.com,01144355473,7.0,1,2021-09-18,male,2020-11-04 00:00:00,2026-03-18 05:09:35.055331
75,Sherine Mahmoud,sherinemahmoud@yahoo.com,01165133300,2.0,1,2025-04-21,female,2024-04-10 00:00:00,2026-03-18 05:09:35.055331
224,Samar Hassan,samar.hassan@outlook.com,01523746101,8.0,1,2020-05-12,female,2025-01-16 00:00:00,2026-03-18 05:09:35.056335
354,Nagla Shaker,,01140868838,3.0,1,2023-02-24,female,2022-05-16 00:00:00,2026-03-18 05:09:35.058332
337,Hazem Mohamed,hazemmohamed@yahoo.com,01037592422,18.0,1,2024-11-17,male,2020-10-22 00:00:00,2026-03-18 05:09:35.058332
300,Ahmed Mansour,ahmed.mansour@yahoo.com,01521816709,5.0,1,2024-10-24,male,2024-07-10 00:00:00,2026-03-18 05:09:35.057330
446,Amira Mohamed,amira.mohamed32@gmail.com,01293183589,18.0,1,2022-04-30,female,2020-07-19 00:00:00,2026-03-18 05:09:35.059331
38,Eman Gaber,eman.gaber@hotmail.com,01240150759,7.0,1,2020-07-08,female,2022-09-29 00:00:00,2026-03-18 05:09:35.054334
371,Yasmin Saleh,yasminsaleh@gmail.com,01225704681,17.0,1,2022-10-21,female,2024-12-18 00:00:00,2026-03-18 05:09:35.058332
425,Shahd Ibrahim,shahdibrahim@outlook.com,01182209870,7.0,1,2025-11-13,female,2022-11-25 00:00:00,2026-03-18 05:09:35.059331
103,Fatma Ahmed,fatma.ahmed@outlook.com,01022315507,17.0,1,2024-09-15,female,2025-02-01 00:00:00,2026-03-18 05:09:35.055331
212,Essam Rizk,essamrizk@outlook.com,01524219637,1.0,2,2022-06-28,male,2025-09-22 00:00:00,2026-03-18 05:09:35.056335
122,Malak Zaki,malak.zaki@yahoo.com,01272950208,7.0,1,2024-12-09,female,2025-03-06 00:00:00,2026-03-18 05:09:35.055331
51,Sherine Gaber,sherine.gaber@gmail.com,01281503856,14.0,1,2020-10-09,female,2025-09-03 00:00:00,2026-03-18 05:09:35.054334
117,Khaled Ibrahim,khaledibrahim@outlook.com,01154743095,3.0,1,2021-08-02,male,2023-12-03 00:00:00,2026-03-18 05:09:35.055331
326,Samy Rizk,samy.rizk65@yahoo.com,01225489430,12.0,1,2024-09-05,male,2025-12-26 00:00:00,2026-03-18 05:09:35.058332
57,Shahd Mansour,shahd.mansour@hotmail.com,01152352128,4.0,1,2022-01-28,female,2022-02-23 00:00:00,2026-03-18 05:09:35.054334
118,Nada Tawfik,nada.tawfik77@yahoo.com,01051551377,18.0,1,2023-09-07,female,2021-06-07 00:00:00,2026-03-18 05:09:35.055331
329,Ayman Tawfik,aymantawfik@gmail.com,01551963706,18.0,2,2022-10-26,male,2022-04-11 00:00:00,2026-03-18 05:09:35.058332
102,Mai Mostafa,mai.mostafa78@gmail.com,01213886030,6.0,1,2023-06-19,female,2023-10-23 00:00:00,2026-03-18 05:09:35.055331
383,Jana El-Masry,jana.elmasry72@hotmail.com,01256189726,1.0,1,2023-12-09,female,2022-03-25 00:00:00,2026-03-18 05:09:35.058332
460,Ibrahim Hassan,ibrahimhassan@gmail.com,01023838227,17.0,1,2023-07-03,male,2020-04-02 00:00:00,2026-03-18 05:09:35.059331
297,Mahmoud Farouk,mahmoudfarouk@hotmail.com,01244971668,10.0,1,2021-04-27,male,2025-04-11 00:00:00,2026-03-18 05:09:35.057330
413,Abeer Farouk,abeerfarouk@hotmail.com,01553412847,8.0,1,2022-05-26,female,2024-03-16 00:00:00,2026-03-18 05:09:35.059331
228,Aya El-Din,ayaeldin@outlook.com,01095044078,3.0,1,2023-02-13,female,2024-02-20 00:00:00,2026-03-18 05:09:35.056335
380,Hossam Saleh,hossamsaleh@hotmail.com,01270495821,6.0,1,2022-07-25,male,2021-02-13 00:00:00,2026-03-18 05:09:35.058332
474,Bassem Abdel-Rahman,bassem.abdelrahman56@yahoo.com,01593914843,11.0,1,2024-07-21,male,2024-04-11 00:00:00,2026-03-18 05:09:35.059331
60,Laila Ahmed,laila.ahmed@hotmail.com,01063782042,16.0,2,2020-08-07,female,2021-09-13 00:00:00,2026-03-18 05:09:35.055331
264,Noha Ahmed,noha.ahmed95@hotmail.com,01289398174,1.0,1,2023-12-11,female,2021-08-05 00:00:00,2026-03-18 05:09:35.057330
249,Sara Abdallah,saraabdallah@hotmail.com,01293579731,8.0,1,2025-07-13,female,2022-03-11 00:00:00,2026-03-18 05:09:35.057330
15,Mariam Mostafa,mariam.mostafa3@hotmail.com,01188979095,8.0,2,2020-08-29,female,2022-07-26 00:00:00,2026-03-18 05:09:35.054334
423,Noha Shaker,nohashaker@hotmail.com,01593642093,5.0,1,2022-08-14,female,2022-03-28 00:00:00,2026-03-18 05:09:35.059331
358,Sherine Fathy,sherine.fathy@outlook.com,01193646063,17.0,1,2023-11-04,female,2025-01-31 00:00:00,2026-03-18 05:09:35.058332
276,Nevine Gaber,nevine.gaber@outlook.com,01037776759,6.0,1,2020-12-01,female,2025-04-23 00:00:00,2026-03-18 05:09:35.057330
27,Rania Hassan,rania.hassan@outlook.com,01054769200,5.0,1,2022-12-08,female,2021-10-23 00:00:00,2026-03-18 05:09:35.054334
54,Fatma Fathy,fatma.fathy@yahoo.com,01244675473,11.0,1,2023-02-05,female,2020-02-11 00:00:00,2026-03-18 05:09:35.054334
394,Mona Rizk,mona.rizk@hotmail.com,01034482277,5.0,1,2025-02-08,female,2025-01-28 00:00:00,2026-03-18 05:09:35.058332
233,Nada Mohamed,nadamohamed@gmail.com,01027810664,8.0,1,2024-12-27,female,2020-02-08 00:00:00,2026-03-18 05:09:35.056335
472,Sherif Abdallah,sherif.abdallah@outlook.com,01250229795,10.0,1,2024-11-15,male,2023-11-11 00:00:00,2026-03-18 05:09:35.059331
446,Amira Mohamed,amira.mohamed32@gmail.com,01293183589,18.0,1,2022-04-30,female,2020-07-19 00:00:00,2026-03-18 05:09:35.059331
129,Ibrahim Saleh,ibrahimsaleh@yahoo.com,,17.0,1,2020-10-04,male,2025-11-24 00:00:00,2026-03-18 05:09:35.055331
223,Mostafa Mostafa,mostafa.mostafa59@yahoo.com,01583782999,17.0,1,2021-04-12,male,2023-01-02 00:00:00,2026-03-18 05:09:35.056335
108,Sara Naguib,sara.naguib@gmail.com,01520450542,11.0,1,2024-07-14,female,2024-09-06 00:00:00,2026-03-18 05:09:35.055331
469,Walid Ahmed,walidahmed@outlook.com,01189318677,14.0,1,2024-11-18,male,2023-11-02 00:00:00,2026-03-18 05:09:35.059331
187,Bassem El-Masry,bassem.elmasry@gmail.com,01074279671,8.0,1,2022-04-17,male,2024-06-12 00:00:00,2026-03-18 05:09:35.056335
331,Ashraf Soliman,ashrafsoliman@gmail.com,01227457234,6.0,1,2022-11-10,male,2020-01-24 00:00:00,2026-03-18 05:09:35.058332
365,Ashraf Mostafa,ashraf.mostafa@yahoo.com,01555424358,18.0,1,2020-08-01,male,2021-10-20 00:00:00,2026-03-18 05:09:35.058332
23,Karim Gaber,karim.gaber@hotmail.com,01242035886,9.0,1,2023-05-13,male,2025-02-15 00:00:00,2026-03-18 05:09:35.054334
344,Nada Abdallah,nada.abdallah@gmail.com,01187926229,16.0,1,2024-01-02,female,2021-06-09 00:00:00,2026-03-18 05:09:35.058332
82,Omar Mansour,omarmansour@hotmail.com,01271315464,10.0,1,2024-04-24,male,2025-06-02 00:00:00,2026-03-18 05:09:35.055331
91,Hana Mansour,hana.mansour@yahoo.com,01283076970,12.0,2,2023-02-04,female,2022-02-16 00:00:00,2026-03-18 05:09:35.055331
475,Samar Mahmoud,samar.mahmoud@outlook.com,01558357021,14.0,1,2021-05-29,female,2021-07-04 00:00:00,2026-03-18 05:09:35.059331
243,Mahmoud Mohamed,mahmoud.mohamed59@gmail.com,01051512209,6.0,1,2021-07-16,male,2020-02-16 00:00:00,2026-03-18 05:09:35.057330
458,Tarek Hassan,tarek.hassan57@gmail.com,01074781956,17.0,1,2023-10-25,male,2025-06-03 00:00:00,2026-03-18 05:09:35.059331
77,Karim Rizk,karimrizk@gmail.com,01293652460,13.0,1,2023-09-07,male,2025-12-25 00:00:00,2026-03-18 05:09:35.055331
58,Ashraf Fathy,ashraf.fathy@hotmail.com,01240532273,12.0,1,2020-02-27,male,2025-12-27 00:00:00,2026-03-18 05:09:35.054334
100,Ashraf Zaki,ashraf.zaki@yahoo.com,01299927658,4.0,1,2024-09-28,male,2020-07-29 00:00:00,2026-03-18 05:09:35.055331
28,Samar Tawfik,samar.tawfik@gmail.com,01183227889,2.0,1,2021-08-29,female,2024-10-26 00:00:00,2026-03-18 05:09:35.054334
142,Samy Tawfik,samy.tawfik47@yahoo.com,01126288992,7.0,1,2022-08-27,male,2025-07-16 00:00:00,2026-03-18 05:09:35.055331
107,Mona El-Masry,monaelmasry@outlook.com,01127339011,13.0,1,2022-07-31,female,2025-08-11 00:00:00,2026-03-18 05:09:35.055331
338,Ahmed Mansour,ahmed.mansour@gmail.com,01033889703,9.0,1,2022-07-21,male,2022-11-25 00:00:00,2026-03-18 05:09:35.058332
321,Wael Ahmed,waelahmed@outlook.com,01135171649,4.0,1,2024-05-28,male,2022-06-02 00:00:00,2026-03-18 05:09:35.058332
238,Hana Soliman,hanasoliman@yahoo.com,01296727439,2.0,1,2022-09-07,female,2025-07-20 00:00:00,2026-03-18 05:09:35.057330
482,Ibrahim Fathy,ibrahimfathy@gmail.com,01192650976,9.0,1,2022-11-18,male,2020-02-28 00:00:00,2026-03-18 05:09:35.059331
260,Hany Ahmed,hany.ahmed@outlook.com,01196876236,10.0,1,2025-05-16,male,2020-09-06 00:00:00,2026-03-18 05:09:35.057330
277,Ibrahim Naguib,ibrahim.naguib12@hotmail.com,01534814337,12.0,1,2024-02-22,male,2022-02-03 00:00:00,2026-03-18 05:09:35.057330
186,Walid Zaki,walidzaki@gmail.com,01019768947,7.0,1,2022-06-07,male,2025-05-17 00:00:00,2026-03-18 05:09:35.056335
500,Fatma Hassan,fatma.hassan@hotmail.com,01525862805,7.0,1,2025-11-12,female,2025-02-20 00:00:00,2026-03-18 05:09:35.060330
49,Adel Ali,adel.ali@outlook.com,01172415804,9.0,1,2021-11-18,male,2021-04-14 00:00:00,2026-03-18 05:09:35.054334
272,Dalia Naguib,dalianaguib@outlook.com,01131831387,15.0,2,2020-05-16,female,2023-04-22 00:00:00,2026-03-18 05:09:35.057330
61,Fadi El-Din,fadi.eldin@gmail.com,01591378577,8.0,1,2024-04-07,male,2025-01-19 00:00:00,2026-03-18 05:09:35.055331
99,Khaled Saleh,khaled.saleh@hotmail.com,01519010480,3.0,1,2021-01-16,male,2024-11-03 00:00:00,2026-03-18 05:09:35.055331
121,Hassan Ahmed,hassanahmed@yahoo.com,01065144509,12.0,1,2022-08-30,male,2024-12-24 00:00:00,2026-03-18 05:09:35.055331
286,Jana Saleh,janasaleh@gmail.com,01164649480,16.0,1,2024-03-11,female,2020-08-18 00:00:00,2026-03-18 05:09:35.057330
3,Laila Khalil,laila.khalil@hotmail.com,01522981052,12.0,1,2022-12-19,female,2020-06-26 00:00:00,2026-03-18 05:09:35.054334
215,Ibrahim Hassan,ibrahimhassan@gmail.com,01032059232,8.0,1,2021-10-17,male,2023-09-17 00:00:00,2026-03-18 05:09:35.056335
179,Ashraf Mostafa,ashrafmostafa@gmail.com,01581394920,13.0,1,2022-10-10,male,2025-03-01 00:00:00,2026-03-18 05:09:35.056335
155,Hussein Shaker,hussein.shaker@gmail.com,01154699966,16.0,1,2021-09-02,male,2025-10-12 00:00:00,2026-03-18 05:09:35.056335
322,Nevine Mahmoud,nevinemahmoud@gmail.com,01094992096,4.0,1,2025-01-19,female,2025-02-16 00:00:00,2026-03-18 05:09:35.058332
348,Jana Rizk,jana.rizk3@gmail.com,01088100019,13.0,1,2022-05-21,female,2020-05-30 00:00:00,2026-03-18 05:09:35.058332
426,Farida Zaki,farida.zaki49@gmail.com,01044286770,6.0,2,2022-04-02,female,2023-01-16 00:00:00,2026-03-18 05:09:35.059331
256,Samy Mostafa,samy.mostafa@outlook.com,01244918995,6.0,2,2024-07-14,male,2025-01-26 00:00:00,2026-03-18 05:09:35.057330
368,Fatma Mahmoud,fatma.mahmoud@hotmail.com,01192569402,6.0,1,2024-01-13,female,2022-09-06 00:00:00,2026-03-18 05:09:35.058332
93,Ziad Abdallah,ziadabdallah@yahoo.com,01189991301,1.0,1,2021-08-15,male,2021-06-16 00:00:00,2026-03-18 05:09:35.055331
306,Salma Ibrahim,salma.ibrahim@outlook.com,01194598956,1.0,1,2021-02-17,female,2025-11-01 00:00:00,2026-03-18 05:09:35.057330
20,Bassem Naguib,bassem.naguib@yahoo.com,01545594951,15.0,1,2025-06-16,male,2021-09-26 00:00:00,2026-03-18 05:09:35.054334
409,Nour Farouk,nour.farouk@gmail.com,01520731620,15.0,1,2020-09-05,female,2024-01-18 00:00:00,2026-03-18 05:09:35.059331
484,Fadi Soliman,fadi.soliman@hotmail.com,01176565050,14.0,1,2022-09-01,male,2024-12-07 00:00:00,2026-03-18 05:09:35.059331
90,Mai Zaki,mai.zaki@outlook.com,01592631441,14.0,1,2023-02-19,female,2020-05-14 00:00:00,2026-03-18 05:09:35.055331
123,Malak Naguib,malak.naguib@outlook.com,01143554863,2.0,1,2024-02-29,female,2021-02-24 00:00:00,2026-03-18 05:09:35.055331
211,Samar Hassan,samar.hassan90@hotmail.com,01024679315,8.0,1,2023-12-25,female,2021-11-12 00:00:00,2026-03-18 05:09:35.056335
231,Hazem Mansour,,01510090721,14.0,1,2021-06-24,male,2023-05-21 00:00:00,2026-03-18 05:09:35.056335
268,Nada El-Masry,nada.elmasry29@hotmail.com,01160785855,10.0,1,2023-04-21,female,2021-06-05 00:00:00,2026-03-18 05:09:35.057330
139,Malak Mohamed,malakmohamed@hotmail.com,01243502308,4.0,2,2022-02-01,female,2025-08-06 00:00:00,2026-03-18 05:09:35.055331
328,Aya Hassan,aya.hassan27@hotmail.com,01058141541,15.0,1,2022-07-07,female,2024-05-11 00:00:00,2026-03-18 05:09:35.058332
74,Nevine El-Din,nevineeldin@outlook.com,01556321751,11.0,1,2024-03-25,female,2025-02-08 00:00:00,2026-03-18 05:09:35.055331
106,Eman Gaber,eman.gaber51@yahoo.com,01011031743,7.0,1,2022-05-15,female,2021-07-16 00:00:00,2026-03-18 05:09:35.055331
65,Nevine Ali,nevine.ali40@yahoo.com,01268942178,4.0,1,2023-05-30,female,2024-07-06 00:00:00,2026-03-18 05:09:35.055331
355,Hassan Ahmed,hassan.ahmed@gmail.com,01554322017,4.0,1,2025-05-15,male,2025-05-16 00:00:00,2026-03-18 05:09:35.058332
244,Hossam Farouk,hossamfarouk@hotmail.com,01146072958,4.0,1,2020-04-30,male,2023-10-04 00:00:00,2026-03-18 05:09:35.057330
396,Aya Tawfik,aya.tawfik@gmail.com,01111976335,16.0,1,2024-09-17,female,2023-06-30 00:00:00,2026-03-18 05:09:35.058332
490,Noha Mostafa,noha.mostafa@hotmail.com,01093134088,3.0,2,2022-06-07,female,2021-05-13 00:00:00,2026-03-18 05:09:35.059331
356,Essam Ahmed,essam.ahmed@outlook.com,01027164449,6.0,1,2025-09-30,male,2020-06-09 00:00:00,2026-03-18 05:09:35.058332
214,Tarek Abdel-Rahman,tarekabdelrahman@yahoo.com,01273909453,4.0,1,2025-01-27,male,2023-07-30 00:00:00,2026-03-18 05:09:35.056335
146,Sherine Mohamed,sherine.mohamed17@hotmail.com,01292467167,18.0,2,2021-11-21,female,2021-09-23 00:00:00,2026-03-18 05:09:35.055331
448,Ramy Abdel-Rahman,ramy.abdelrahman59@yahoo.com,01214810369,3.0,1,2023-08-15,male,2024-02-18 00:00:00,2026-03-18 05:09:35.059331
334,Ramy El-Masry,ramy.elmasry28@hotmail.com,01585341065,1.0,1,2023-11-18,male,2024-12-30 00:00:00,2026-03-18 05:09:35.058332
362,Farida Abdallah,farida.abdallah1@yahoo.com,01087576121,17.0,1,2020-01-30,female,2024-03-16 00:00:00,2026-03-18 05:09:35.058332
46,Ziad Mansour,ziad.mansour51@gmail.com,01021267237,14.0,1,2025-03-06,male,2022-01-14 00:00:00,2026-03-18 05:09:35.054334
92,Bassem Mansour,bassem.mansour83@yahoo.com,01016788532,11.0,1,2021-05-30,male,2022-04-20 00:00:00,2026-03-18 05:09:35.055331
478,Heba Abdallah,heba.abdallah5@gmail.com,01559469782,4.0,1,2020-11-23,female,2021-08-04 00:00:00,2026-03-18 05:09:35.059331
4,Samar Ibrahim,samar.ibrahim11@outlook.com,01294374605,12.0,1,2020-10-11,female,2020-07-06 00:00:00,2026-03-18 05:09:35.054334
42,Nada Mostafa,nadamostafa@gmail.com,01146468984,11.0,1,2020-11-26,female,2021-07-20 00:00:00,2026-03-18 05:09:35.054334
250,Ali El-Sayed,ali.elsayed30@gmail.com,01295354668,1.0,1,2020-01-06,male,2024-03-21 00:00:00,2026-03-18 05:09:35.057330
9,Sara Hassan,sara.hassan@yahoo.com,01590048665,3.0,1,2025-04-01,female,2025-12-07 00:00:00,2026-03-18 05:09:35.054334
81,Abeer El-Din,abeereldin@outlook.com,01544269370,1.0,1,2025-03-20,female,2023-03-24 00:00:00,2026-03-18 05:09:35.055331
399,Jana Ibrahim,janaibrahim@yahoo.com,01253360807,6.0,1,2020-06-21,female,2025-11-03 00:00:00,2026-03-18 05:09:35.058332
193,Ahmed Mahmoud,ahmed.mahmoud8@hotmail.com,01598487646,16.0,2,2025-12-19,male,2024-08-11 00:00:00,2026-03-18 05:09:35.056335
314,Bassem Gaber,bassemgaber@yahoo.com,01065201639,15.0,2,2022-12-07,male,2023-07-11 00:00:00,2026-03-18 05:09:35.057330
492,Malak Saleh,malak.saleh@hotmail.com,01047216895,2.0,1,2023-09-24,female,2020-09-03 00:00:00,2026-03-18 05:09:35.059331
406,Nabil Rizk,nabil.rizk3@yahoo.com,01293241474,8.0,1,2020-09-16,male,2024-05-06 00:00:00,2026-03-18 05:09:35.058332
52,Fatma Saleh,fatmasaleh@gmail.com,01530534124,14.0,1,2025-11-07,female,2023-01-11 00:00:00,2026-03-18 05:09:35.054334
69,Sherif Mohamed,sherifmohamed@hotmail.com,01098269682,18.0,1,2020-08-10,male,2022-02-07 00:00:00,2026-03-18 05:09:35.055331
21,Ibrahim Mahmoud,ibrahimmahmoud@gmail.com,01016729990,16.0,1,2025-12-15,male,2021-10-06 00:00:00,2026-03-18 05:09:35.054334
298,Bassem Rizk,bassem.rizk@gmail.com,01061226775,17.0,1,2020-08-09,male,2021-09-09 00:00:00,2026-03-18 05:09:35.057330
498,Walid Hassan,walid.hassan39@yahoo.com,01524330160,12.0,1,2024-11-28,male,2022-02-15 00:00:00,2026-03-18 05:09:35.060330
225,Noha Mohamed,noha.mohamed@gmail.com,01291907952,14.0,1,2021-07-24,female,2022-04-26 00:00:00,2026-03-18 05:09:35.056335
85,Ibrahim Mansour,ibrahimmansour@yahoo.com,02053851498,6.0,1,2024-02-07,male,2025-12-14 00:00:00,2026-03-18 05:09:35.055331
284,Mostafa Naguib,mostafanaguib@outlook.com,01241887353,2.0,1,2023-01-05,male,2024-03-05 00:00:00,2026-03-18 05:09:35.057330
190,Mostafa Abdallah,mostafa.abdallah@outlook.com,01154273769,8.0,1,2022-10-03,male,2025-08-07 00:00:00,2026-03-18 05:09:35.056335
357,Mohamed Ahmed,mohamedahmed@yahoo.com,01098817918,10.0,1,2022-06-06,male,2025-01-13 00:00:00,2026-03-18 05:09:35.058332
87,Sherine Abdallah,sherineabdallah@outlook.com,01071040347,12.0,1,2022-12-09,female,2024-04-09 00:00:00,2026-03-18 05:09:35.055331
213,Sherif Farouk,sherif.farouk@yahoo.com,01524032377,10.0,1,2020-12-17,male,2021-04-20 00:00:00,2026-03-18 05:09:35.056335
388,Nabil Naguib,nabilnaguib@gmail.com,01121316066,13.0,1,2022-10-10,male,2023-03-09 00:00:00,2026-03-18 05:09:35.058332
380,Hossam Saleh,hossamsaleh@hotmail.com,01270495821,6.0,1,2022-07-25,male,2021-02-13 00:00:00,2026-03-18 05:09:35.058332
141,Ali Mohamed,ali.mohamed12@outlook.com,01299635939,12.0,1,2023-04-04,male,2023-05-13 00:00:00,2026-03-18 05:09:35.055331
459,Malak El-Masry,malak.elmasry67@gmail.com,01137539747,2.0,1,2025-11-09,female,2021-04-19 00:00:00,2026-03-18 05:09:35.059331
470,Hassan Gaber,hassan.gaber15@outlook.com,01553671508,18.0,2,2024-12-28,male,2021-12-22 00:00:00,2026-03-18 05:09:35.059331
172,Amr Gaber,amr.gaber@hotmail.com,01259330907,8.0,1,2021-07-01,male,2025-05-12 00:00:00,2026-03-18 05:09:35.056335
493,Nevine Khalil,nevine.khalil@gmail.com,01533950102,16.0,1,2024-11-01,female,2022-06-13 00:00:00,2026-03-18 05:09:35.059331
304,Fatma Mostafa,fatma.mostafa28@yahoo.com,01089147232,17.0,1,2024-02-10,female,2020-06-02 00:00:00,2026-03-18 05:09:35.057330
499,Mohamed Mahmoud,,01518454727,18.0,1,2025-08-08,male,2025-12-27 00:00:00,2026-03-18 05:09:35.060330
392,Dalia Abdallah,dalia.abdallah@outlook.com,01549315407,,1,2020-01-30,female,2024-03-10 00:00:00,2026-03-18 05:09:35.058332
110,Eman Mohamed,emanmohamed@hotmail.com,01154703713,6.0,2,2021-04-12,female,2025-12-13 00:00:00,2026-03-18 05:09:35.055331
487,Abeer Mansour,abeer.mansour68@hotmail.com,01023068017,18.0,1,2024-11-03,female,2023-01-21 00:00:00,2026-03-18 05:09:35.059331
429,Mahmoud Soliman,mahmoud.soliman51@outlook.com,01112465878,12.0,1,2023-12-26,male,2023-05-23 00:00:00,2026-03-18 05:09:35.059331
165,Mariam Gaber,mariam.gaber@gmail.com,01597629787,16.0,1,2022-03-27,female,2023-03-22 00:00:00,2026-03-18 05:09:35.056335
71,Hazem Shaker,hazem.shaker40@yahoo.com,01084121929,14.0,2,2021-04-09,male,2025-03-05 00:00:00,2026-03-18 05:09:35.055331
280,Ayman El-Din,aymaneldin@yahoo.com,01132436477,7.0,1,2021-05-31,male,2020-06-23 00:00:00,2026-03-18 05:09:35.057330
295,Salma Zaki,@nodomain.com,01181757508,16.0,1,2024-01-08,female,2025-09-08 00:00:00,2026-03-18 05:09:35.057330
351,Noha Hassan,noha.hassan@outlook.com,01259584751,8.0,2,2022-04-26,female,2025-10-22 00:00:00,2026-03-18 05:09:35.058332
62,Mona El-Din,mona.eldin73@hotmail.com,01091823275,4.0,1,2022-05-01,female,2022-05-14 00:00:00,2026-03-18 05:09:35.055331
167,Hany Hassan,hany.hassan@outlook.com,01215028625,1.0,1,2021-03-15,male,2023-10-04 00:00:00,2026-03-18 05:09:35.056335
206,Dalia Mohamed,dalia.mohamed93@yahoo.com,01589699345,7.0,1,2021-07-08,female,2023-06-01 00:00:00,2026-03-18 05:09:35.056335
348,Jana Rizk,jana.rizk3@gmail.com,01088100019,13.0,1,2022-05-21,female,2020-05-30 00:00:00,2026-03-18 05:09:35.058332
378,Salma Gaber,salma.gaber16@outlook.com,01552365995,1.0,2,2022-05-13,female,2024-04-03 00:00:00,2026-03-18 05:09:35.058332
482,Ibrahim Fathy,ibrahimfathy@gmail.com,01192650976,9.0,1,2022-11-18,male,2020-02-28 00:00:00,2026-03-18 05:09:35.059331
416,Sherif Farouk,sherif.farouk47@hotmail.com,01141271945,9.0,1,2021-01-11,male,2024-06-25 00:00:00,2026-03-18 05:09:35.059331
173,Sherif Zaki,sherif.zaki54@hotmail.com,01582144402,7.0,1,2020-12-01,male,2025-11-22 00:00:00,2026-03-18 05:09:35.056335
219,Sherine Mansour,sherine.mansour79@hotmail.com,01027978165,11.0,1,2023-06-04,female,2021-04-24 00:00:00,2026-03-18 05:09:35.056335
104,Yasmin Farouk,yasmin.farouk73@hotmail.com,01017061037,5.0,1,2020-07-22,female,2020-11-30 00:00:00,2026-03-18 05:09:35.055331
412,Reem Mansour,reem.mansour@outlook.com,01183815115,13.0,1,2021-10-09,female,2025-12-26 00:00:00,2026-03-18 05:09:35.059331
480,Samar El-Sayed,samar.elsayed74@outlook.com,01266507825,12.0,1,2023-04-21,female,2023-03-30 00:00:00,2026-03-18 05:09:35.059331
113,Nada Abdel-Rahman,nada.abdelrahman46@gmail.com,01051662236,15.0,1,2020-08-21,female,2024-02-19 00:00:00,2026-03-18 05:09:35.055331
316,Ahmed Rizk,ahmed.rizk@outlook.com,01075987872,11.0,1,2023-02-13,male,2020-07-25 00:00:00,2026-03-18 05:09:35.057330
410,Nevine Farouk,nevinefarouk@gmail.com,01019447334,10.0,2,2022-06-03,female,2025-10-28 00:00:00,2026-03-18 05:09:35.059331
305,Nagla Rizk,nagla.rizk@gmail.com,01097720360,1.0,2,2021-04-19,female,2024-09-03 00:00:00,2026-03-18 05:09:35.057330
255,Mona Mansour,mona.mansour@gmail.com,01290973889,2.0,1,2023-09-04,female,2021-08-30 00:00:00,2026-03-18 05:09:35.057330
59,Mostafa Hassan,mostafa.hassan@hotmail.com,01523769080,1.0,1,2025-04-06,male,2025-05-14 00:00:00,2026-03-18 05:09:35.054334
55,Omar Mostafa,omar.mostafa@outlook.com,01596691619,16.0,1,2020-03-11,male,2021-01-16 00:00:00,2026-03-18 05:09:35.054334
479,Amira Soliman,amirasoliman@gmail.com,01095052118,18.0,1,2023-07-03,female,2020-08-04 00:00:00,2026-03-18 05:09:35.059331
419,Eman Hassan,eman.hassan42@yahoo.com,01130561818,2.0,1,2024-05-28,female,2024-12-30 00:00:00,2026-03-18 05:09:35.059331
33,Wael Khalil,wael.khalil@hotmail.com,01556397338,11.0,1,2025-09-25,male,2021-04-18 00:00:00,2026-03-18 05:09:35.054334
303,Jana Soliman,jana.soliman56@hotmail.com,01156000822,16.0,1,2022-02-10,female,2021-11-06 00:00:00,2026-03-18 05:09:35.057330
428,Dina Naguib,dinanaguib@gmail.com,01035020518,7.0,1,2025-02-18,female,2020-03-29 00:00:00,2026-03-18 05:09:35.059331
88,Mariam Gaber,mariam.gaber80@gmail.com,01291883846,8.0,1,2025-03-16,female,2023-05-22 00:00:00,2026-03-18 05:09:35.055331
313,Samy Zaki,samyzaki@yahoo.com,01586362294,15.0,1,2024-04-04,male,2024-01-08 00:00:00,2026-03-18 05:09:35.057330
234,Samy El-Masry,samy.elmasry@outlook.com,01519506414,8.0,1,2021-02-23,male,2021-02-26 00:00:00,2026-03-18 05:09:35.056335
50,Ibrahim Ibrahim,ibrahim.ibrahim74@hotmail.com,01563238057,7.0,2,2022-09-21,male,2021-02-21 00:00:00,2026-03-18 05:09:35.054334
407,Ayman Gaber,aymangaber@yahoo.com,01265003032,11.0,1,2025-11-13,male,2020-09-30 00:00:00,2026-03-18 05:09:35.058332
421,Sara Naguib,sara.naguib@yahoo.com,01585067462,7.0,1,2022-03-14,female,2025-11-17 00:00:00,2026-03-18 05:09:35.059331
158,Nada El-Din,nadaeldin@gmail.com,01180361272,13.0,1,2022-09-19,female,2020-05-09 00:00:00,2026-03-18 05:09:35.056335
464,Nour Mohamed,nour.mohamed91@yahoo.com,01592720444,12.0,1,2022-03-22,female,2025-12-25 00:00:00,2026-03-18 05:09:35.059331
26,Mariam Ibrahim,mariamibrahim@yahoo.com,01156020613,7.0,1,2022-12-17,female,2025-09-01 00:00:00,2026-03-18 05:09:35.054334
324,Amr Gaber,amrgaber@hotmail.com,01591737749,8.0,1,2023-11-05,male,2023-04-19 00:00:00,2026-03-18 05:09:35.058332
89,,mariam.ali@hotmail.com,01041514326,18.0,1,2025-02-01,female,2024-02-28 00:00:00,2026-03-18 05:09:35.055331
8,Aya Khalil,aya.khalil96@hotmail.com,01588320463,13.0,1,2021-07-20,female,2025-09-18 00:00:00,2026-03-18 05:09:35.054334
67,Mai Hassan,mai.hassan61@yahoo.com,01547333543,6.0,1,2024-11-20,female,2025-07-07 00:00:00,2026-03-18 05:09:35.055331
333,Eman Mostafa,eman.mostafa@gmail.com,01582890984,18.0,1,2023-12-02,female,2022-06-25 00:00:00,2026-03-18 05:09:35.058332
360,Omar Fathy,omar.fathy87@gmail.com,01580067590,14.0,1,2020-06-26,male,2025-12-10 00:00:00,2026-03-18 05:09:35.058332
125,Abeer El-Sayed,abeerelsayed@outlook.com,01161830338,3.0,1,2020-04-25,female,2023-07-29 00:00:00,2026-03-18 05:09:35.055331
24,,abeer.mohamed@gmail.com,01227778019,12.0,1,2022-09-27,female,2024-02-22 00:00:00,2026-03-18 05:09:35.054334
317,Walid Rizk,walidrizk@yahoo.com,01586911446,15.0,2,2025-08-03,male,2025-01-05 00:00:00,2026-03-18 05:09:35.057330
471,Salma Mohamed,salmamohamed@outlook.com,01022151134,7.0,1,2020-01-01,female,2021-08-23 00:00:00,2026-03-18 05:09:35.059331
465,Hany Mansour,hanymansour@gmail.com,01071147472,10.0,1,2025-03-21,male,2025-04-11 00:00:00,2026-03-18 05:09:35.059331
242,Ibrahim Mohamed,ibrahim.mohamed20@yahoo.com,01262443094,3.0,1,2024-11-26,male,2022-09-04 00:00:00,2026-03-18 05:09:35.057330
10,Samar El-Sayed,samar.elsayed88@gmail.com,01296028436,11.0,1,2024-11-15,female,2021-10-09 00:00:00,2026-03-18 05:09:35.054334
335,Wael Rizk,wael.rizk6@yahoo.com,01261186964,4.0,1,2023-03-04,male,2020-04-11 00:00:00,2026-03-18 05:09:35.058332
251,Mariam Mahmoud,mariammahmoud@yahoo.com,01029109045,9.0,2,2022-08-06,female,2025-10-29 00:00:00,2026-03-18 05:09:35.057330
73,Amr Mahmoud,amrmahmoud@yahoo.com,01555617282,17.0,1,2020-01-11,male,2023-03-04 00:00:00,2026-03-18 05:09:35.055331
377,Yasmin Soliman,yasmin.soliman97@yahoo.com,01117267644,17.0,1,2025-05-13,female,2020-05-13 00:00:00,2026-03-18 05:09:35.058332
19,Dina Mohamed,dina.mohamed7@gmail.com,01022517517,8.0,1,2025-06-12,female,2025-05-25 00:00:00,2026-03-18 05:09:35.054334
37,Hana Saleh,hanasaleh@hotmail.com,01538682516,17.0,1,2021-11-26,female,2020-12-13 00:00:00,2026-03-18 05:09:35.054334
